tweet,true_sentiment,predicted_sentiment
i need refund,negative,neutral
thanks for bringing my son home to me,positive,positive
no we departed hours late flightr with a crazy crew one of the lady simply freaked out and got away from job before departure,negative,negative
love luv the addition of the passbook option,positive,positive
literally just told me they d rather have an empty seat than my mom get to come earlier amp take me to dr appointment wow,negative,negative
the worst flying experience i ve ever suffered through i d appreciate my money back,negative,negative
appreciate your system is busy but when i call having your automated system hang up on me is not helpful,negative,negative
better travel photos my kindle e book easy tips guide,neutral,positive
hey think someone could meet me with my book when i arrive at at it s yes please amypoehler oscar took it,neutral,neutral
why the hell will you not put us in a hotel when you ve stranded us your message says mechanical issues not weather usairways,negative,negative
i sure hope you guys get me to dc to speak tomorrow amp amp i m winning here with,neutral,negative
i would like to know what is the easiest way to get a refund,negative,neutral
but it s hard to stay upset at someone when they at least try to show remorse,negative,negative
please acknowledge attendant jeff wernicke beat in class and service on sw,positive,positive
deplaned for the rd fucking time fuck you aa,negative,negative
